{
    "mean_reward": 118.56772093348694,
    "std_reward": 120.79587146842547,
    "rewards": [
        -183.03253649528077,
        233.79547596988425,
        233.8814319794382,
        259.69632555873164,
        18.935819257055826,
        180.02461484405356,
        60.26775519133701,
        153.5618563603735,
        -32.314004852594934,
        238.86443006566847,
        220.0530714380551,
        -18.563284169632762,
        152.500672447418,
        222.7531713427296,
        217.51609128695225,
        253.376405882746,
        243.33375007930167,
        47.37267691332907,
        258.9999468646997,
        194.59989128703052,
        230.45817901344205,
        -89.91311365402038,
        -6.920563794849325,
        -19.36022305013134,
        55.521644562446866,
        268.79098070230754,
        3.067803499919563,
        16.170727003635704,
        159.16795678172105,
        177.82899582972877,
        267.64689084635967,
        194.60612372930532,
        -60.741248734797544,
        -15.789162285282234,
        15.98411653528855,
        -13.30496392774775,
        3.795147015849963,
        77.0110710091464,
        219.76855830953545,
        204.9329524092545,
        162.63277054411057,
        33.42818424743257,
        -33.46619975975689,
        -9.580095586935869,
        257.0413043346556,
        192.7496526673358,
        226.7433068944871,
        258.73927909518716,
        -26.088790975534803,
        221.8412021609571
    ]
}