{
    "mean_reward": 132.32583568329068,
    "std_reward": 129.49060811811253,
    "rewards": [
        245.0723969023051,
        24.221412895117123,
        -67.10849976517915,
        230.1852690017309,
        252.01468816418821,
        187.08283333071347,
        -157.85497175021277,
        260.328460095522,
        254.44859894131002,
        228.09014126788833,
        13.413497275914978,
        31.833230450093794,
        1.9522582699353377,
        234.71423886982694,
        246.4595739521847,
        -64.99169712826584,
        -10.076912394785246,
        231.13037743178785,
        247.45086777561022,
        188.0082532931382,
        217.9012102510446,
        246.57333659636083,
        -4.155097969951996,
        18.93489813352558,
        84.22515369721916,
        243.8192719101051,
        -135.0032568554741,
        221.5484564986468,
        216.83534336442204,
        236.78800077154875,
        213.12848960506744,
        -31.43852310536758,
        158.78868497188896,
        218.8326082643814,
        206.83366173836578,
        249.31852133381244,
        221.8471630348121,
        5.521542022392879,
        236.24498918137368,
        237.97865718030405,
        57.89263153458501,
        232.98753779508942,
        -58.523458320732544,
        -31.032024131868525,
        220.86192712625035,
        188.52011669216841,
        224.2329302010208,
        257.48754137321646,
        -144.90544209607881,
        27.872896487582082
    ]
}