{
    "trial_number": 4,
    "mean_reward": -45.7955609477907,
    "total_rewards": [
        -27.43306055412316,
        262.2800265702468,
        -245.79299039558362,
        -62.27594717499423,
        -167.71246650328686,
        130.3635974933603,
        -156.99839182239947,
        -151.51880863181927,
        -292.7852981004761,
        253.9177296411687
    ],
    "learning_rate": 0.00010237301031885884,
    "batch_size": 64,
    "tau": 0.010076876387414915,
    "gamma": 0.9573246091907528,
    "buffer_size": 1000000
}