{
    "trial_number": 3,
    "mean_reward": -102.12120691382444,
    "total_rewards": [
        -125.73871862955912,
        -277.21588641606115,
        -197.2599448633722,
        -151.21408710370812,
        -26.349699062404284,
        -76.70846600711943,
        28.809222152304443,
        -53.757681466447636,
        -32.14683574103512,
        -109.62997200084173
    ],
    "learning_rate": 2.2088803794584595e-05,
    "batch_size": 64,
    "tau": 0.03594430952055572,
    "gamma": 0.9938428788420126,
    "buffer_size": 100000
}