{
    "trial_number": 6,
    "mean_reward": 57.29726485819807,
    "total_rewards": [
        31.85440686440802,
        145.87382961294924,
        -140.77355778400994,
        65.78312618959563,
        -165.1878758608405,
        205.61312646515904,
        1.019755849220374,
        6.618096835755665,
        212.6261433942767,
        209.54559701546646
    ],
    "learning_rate": 2.686042958684453e-05,
    "batch_size": 256,
    "tau": 0.03612519193326,
    "gamma": 0.9579067205675795,
    "buffer_size": 1000000
}