{
    "trial_number": 2,
    "mean_reward": 19.335824269691496,
    "total_rewards": [
        40.629455912141026,
        46.60609839095477,
        36.0204057210305,
        28.16450144943299,
        -25.070020477825445,
        19.289789259744836,
        13.91586112451409,
        16.7923198326318,
        6.6714215188125845,
        10.338409965477796
    ],
    "learning_rate": 0.0007027631090176873,
    "batch_size": 64,
    "tau": 0.02767191502855853,
    "gamma": 0.9752357248106764,
    "buffer_size": 1000000
}