{
    "trial_number": 5,
    "mean_reward": 47.40998423985994,
    "total_rewards": [
        230.50181886733395,
        -107.97405353237022,
        120.8520065232481,
        178.7089428735292,
        -67.16065665505283,
        -59.109091377621986,
        169.17807712723652,
        -58.06893627992414,
        145.72859016375838,
        -78.55685531153762
    ],
    "learning_rate": 1.71455955463434e-05,
    "batch_size": 512,
    "tau": 0.04926893443302593,
    "gamma": 0.9900721546016689,
    "buffer_size": 100000
}