{
    "trial_number": 8,
    "mean_reward": -156.73117015831818,
    "total_rewards": [
        -166.6004109133446,
        -155.62047185899115,
        -155.86387736907255,
        -155.09177384823744,
        -161.53221239212766,
        -159.78894434836994,
        -140.425777345879,
        -168.71818459245756,
        -133.01968508257949,
        -170.65036383212228
    ],
    "learning_rate": 1.0436129699165778e-05,
    "batch_size": 64,
    "tau": 0.006572664849230672,
    "gamma": 0.9970871353696268,
    "buffer_size": 1000000
}