{
    "trial_number": 1,
    "mean_reward": 162.05309256478844,
    "total_rewards": [
        -17.638011804384984,
        177.92471537596677,
        251.40736314877634,
        185.74082767177015,
        237.60894078259247,
        -51.3165856920588,
        203.4391314007629,
        237.46805283284715,
        211.44222380532608,
        184.45426812628642
    ],
    "learning_rate": 0.0001326574225259092,
    "batch_size": 512,
    "tau": 0.016805687076347525,
    "gamma": 0.991162670032862,
    "buffer_size": 100000
}