{
    "trial_number": 7,
    "mean_reward": -18.177052196650585,
    "total_rewards": [
        -69.37268118015207,
        -119.11982065615304,
        -68.32848390197356,
        103.73930752076011,
        -81.96398226189787,
        194.41662541825178,
        -88.01270573527918,
        -9.47542048652631,
        3.9460869436879045,
        -47.59944762722369
    ],
    "learning_rate": 0.00020373067783116243,
    "batch_size": 64,
    "tau": 0.01730326242229406,
    "gamma": 0.9905654766723719,
    "buffer_size": 500000
}