{
    "trial_number": 9,
    "mean_reward": -50.392014259377774,
    "total_rewards": [
        -22.635483679739128,
        -141.58275417824478,
        -16.407685949161106,
        -14.54194084048444,
        -63.74965851044952,
        -90.88715745696376,
        42.75022196976238,
        1.163324033363451,
        -92.4637121563658,
        -105.56529582549497
    ],
    "learning_rate": 0.0006950537319895127,
    "batch_size": 512,
    "tau": 0.04659643096389369,
    "gamma": 0.9672944812251775,
    "buffer_size": 100000
}