{
    "trial_number": 0,
    "mean_reward": -71.53092340768828,
    "total_rewards": [
        41.080820278411835,
        -73.95456558925378,
        -46.7295848149851,
        -122.83221834872587,
        -79.33390634406467,
        -135.94312850695295,
        -77.66385627952542,
        -39.66634151549708,
        -92.35595586489858,
        -87.91049709139106
    ],
    "learning_rate": 0.0002699645802508307,
    "batch_size": 128,
    "tau": 0.036404433546349764,
    "gamma": 0.9551059646387117,
    "buffer_size": 500000
}