{
    "best_value": 162.05309256478844,
    "best_params": {
        "learning_rate": 0.0001326574225259092,
        "batch_size": 512,
        "tau": 0.016805687076347525,
        "gamma": 0.991162670032862,
        "buffer_size": 100000
    }
}