{
    "trial_number": 5,
    "mean_reward": -286.6790065349236,
    "total_rewards": [
        -178.64743654189022,
        43.31167732334475,
        -504.3189008228715,
        -358.8440250136864,
        -370.9723520832672,
        -248.58986036703564,
        -414.0779432677418,
        -463.4475366686537,
        -110.43964450416351,
        -260.76404340327065
    ],
    "learning_rate": 0.0008039018768616203,
    "batch_size": 256,
    "tau": 0.03642608388148236,
    "gamma": 0.979291262318211,
    "buffer_size": 100000
}