{
    "trial_number": 9,
    "mean_reward": -59.395493482670076,
    "total_rewards": [
        -170.6988794904859,
        -174.2208130879753,
        253.86521291353858,
        -52.08131700083142,
        -91.99200264673897,
        -152.60345660379824,
        -11.871429995581323,
        138.07989535933316,
        -17.2912938082535,
        -315.14085046590793
    ],
    "learning_rate": 0.0002525829113606412,
    "batch_size": 128,
    "tau": 0.031851836716655604,
    "gamma": 0.9721921685208179,
    "buffer_size": 1000000
}