{
    "trial_number": 1,
    "mean_reward": -172.58270284888334,
    "total_rewards": [
        -154.82588264484903,
        -67.79608613372132,
        -48.5973329498878,
        -206.33662753574623,
        -301.92741184583633,
        -301.91634891498916,
        -79.5176791858056,
        -151.0554866443151,
        -282.32903043616,
        -131.52514219752254
    ],
    "learning_rate": 1.0025738481989798e-05,
    "batch_size": 256,
    "tau": 0.01154217616748433,
    "gamma": 0.9699268324199308,
    "buffer_size": 1000000
}