{
    "trial_number": 0,
    "mean_reward": -186.5896863641766,
    "total_rewards": [
        -250.23245289956898,
        -244.83368548521153,
        -476.9748879705754,
        -364.5328003550926,
        -214.4085887723096,
        -138.1256205039083,
        -25.562967684577742,
        167.6612589179677,
        -44.62571308375175,
        -274.2614058047382
    ],
    "learning_rate": 9.824813848567814e-05,
    "batch_size": 128,
    "tau": 0.009121865317277236,
    "gamma": 0.9527404982380514,
    "buffer_size": 100000
}