{
    "trial_number": 7,
    "mean_reward": -121.85599879409378,
    "total_rewards": [
        -200.69984745691227,
        -306.0117104703833,
        -234.54198365338902,
        -96.09747698477003,
        -213.16731194947232,
        -88.38206413603332,
        -191.2383751740511,
        270.9234103615222,
        -97.9737063300694,
        -61.370922147379154
    ],
    "learning_rate": 7.893277579407259e-05,
    "batch_size": 256,
    "tau": 0.005727669779837998,
    "gamma": 0.9750562330276091,
    "buffer_size": 1000000
}