{
    "trial_number": 3,
    "mean_reward": 2.398704236107183,
    "total_rewards": [
        -28.06987717024775,
        32.60076447119367,
        -3.029383603904634,
        -21.87633741678171,
        30.630465414413706,
        -9.38567134182243,
        6.556455492178941,
        18.85940002204009,
        50.307392213695834,
        -52.60616571969389
    ],
    "learning_rate": 9.925226959704172e-05,
    "batch_size": 256,
    "tau": 0.037085076124130555,
    "gamma": 0.9938870281257118,
    "buffer_size": 1000000
}