{
    "trial_number": 8,
    "mean_reward": -144.56335411413983,
    "total_rewards": [
        -66.33350215791893,
        -71.13638337644731,
        -139.79486367733062,
        -180.48744567852737,
        -137.73129107198625,
        -45.33494644677925,
        -299.9737610194919,
        -121.27858130603391,
        -202.7217089389188,
        -180.84105746796402
    ],
    "learning_rate": 3.864829408444707e-05,
    "batch_size": 512,
    "tau": 0.025683240166978285,
    "gamma": 0.9791278977973399,
    "buffer_size": 1000000
}