{
    "trial_number": 4,
    "mean_reward": -254.56321963457214,
    "total_rewards": [
        -548.2114633408545,
        -350.4409635375483,
        -285.4020287316896,
        -201.56143674610158,
        -96.44999625588932,
        -348.5409785374728,
        -118.13373171675573,
        -200.177779630884,
        -247.47613515041581,
        -149.23768269810955
    ],
    "learning_rate": 0.00031773506389550047,
    "batch_size": 512,
    "tau": 0.03556181686263671,
    "gamma": 0.9644913998831146,
    "buffer_size": 100000
}