{
    "trial_number": 2,
    "mean_reward": -39.9026606507692,
    "total_rewards": [
        11.579266484508565,
        -86.05602808799551,
        223.95248249281212,
        -168.9486451607258,
        -140.4005776445092,
        -241.26878658624366,
        162.34810814829635,
        -36.06207048654498,
        83.40694004676513,
        -207.57729571405503
    ],
    "learning_rate": 0.00028281531991542787,
    "batch_size": 128,
    "tau": 0.04877161963127994,
    "gamma": 0.9670984496887495,
    "buffer_size": 100000
}