{
    "trial_number": 6,
    "mean_reward": -126.69999320652764,
    "total_rewards": [
        -234.79534190315744,
        -215.01019199610363,
        -136.66283226070652,
        -69.36611088155433,
        -70.17073370537013,
        -46.13427100321118,
        -100.366613334981,
        -64.4326201033863,
        -65.8067579857084,
        -264.25445889109733
    ],
    "learning_rate": 8.154218080083059e-05,
    "batch_size": 64,
    "tau": 0.03251692739751114,
    "gamma": 0.9532971947521913,
    "buffer_size": 500000
}