{
    "best_value": 2.398704236107183,
    "best_params": {
        "learning_rate": 9.925226959704172e-05,
        "batch_size": 256,
        "tau": 0.037085076124130555,
        "gamma": 0.9938870281257118,
        "buffer_size": 1000000
    }
}